{
    "sources": [
        {
            "URL": "http://yihui.org/knitr/",
            "author": [
                {
                    "family": "Xie",
                    "given": "Yihui"
                }
            ],
            "edition": "2nd",
            "id": "xie2015",
            "issued": {
                "date-parts": [
                    [
                        2015
                    ]
                ]
            },
            "note": "ISBN 978-1498716963",
            "publisher": "Chapman; Hall/CRC",
            "publisher-place": "Boca Raton, Florida",
            "title": "Dynamic documents with R and knitr",
            "type": "book"
        }
    ],
    "project_biblios": [
        "book.bib",
        "packages.bib"
    ]
}